"March 24, 2025 at 01:10PM","최여진, 7세 연상 '돌싱' 예비 남편 논란 입 열까…""방송으로 확인"" [공식] - 한국경제",https://www.hankyung.com/article/2025032431187,... <b>SBS</b> &#39;동상이몽2-너는 내 운명&#39; 제작진이 방송 확인을 당부했다. &#39;동상이몽2&#39; 측 관계자는 24일 한경닷컴에 &quot;모든 내용이 방송에 나올 예정&quot;이라며 &quot;방송으로&nbsp;...,Google 알리미 - sbs,https://www.google.com/alerts/feeds/04099981309852891625/6712470744904995113
"March 24, 2025 at 01:17PM","TREASURE(트레저) 'YELLOW', HIGHER 주간 SBS 인기가요 핫스테이지 우승 - 스포츠경향",https://sports.khan.co.kr/article/202503241314003,제1260회 <b>SBS</b> 인기가요 핫스테이지 영광의 1위는 &#39;TREASURE(트레저)&#39;가 차지했다. HIGHER 앱에 접속하면 TREASURE가 1위 트로피를 수여 받은 독점 포토를&nbsp;...,Google 알리미 - sbs,https://www.google.com/alerts/feeds/04099981309852891625/6712470744904995113
"March 24, 2025 at 01:19PM","TREASURE(트레저) 'YELLOW', HIGHER 주간 SBS 인기가요 핫스테이지 우승 - 네이트 뉴스",https://news.nate.com/view/20250324n19221?mid=e1100,한눈에 보는 오늘 : 연예가 화제 - 뉴스 : 사진제공 | HIGHER(하이어)제1260회 <b>SBS</b> 인기가요 핫스테이지 영광의 1위는 &#39;TREASURE(트레저)&#39;가 차지했다.,Google 알리미 - sbs,https://www.google.com/alerts/feeds/04099981309852891625/6712470744904995113
"March 24, 2025 at 01:53PM","가수 최유리, SBS '애프터클럽' 새 DJ 합류 - 브릿지경제",https://www.viva100.com/article/20250324500598,가수 최유리가 <b>SBS</b> &#39;애프터클럽&#39;의 새 DJ로 찾아온다. 24일 <b>SBS</b> 파워FM에 따르면 다음달 7일부터 월요일 새벽마다 최유리가 &#39;애프터클럽&#39;의 DJ로 합류한다.,Google 알리미 - sbs,https://www.google.com/alerts/feeds/04099981309852891625/6712470744904995113
"March 24, 2025 at 06:18PM","한덕수 복귀하자 최상목 활짝 웃으며 ""드디어"" (현장영상) / SBS - YouTube",https://www.youtube.com/watch?v=7JS45Bp8bIc,... <b>sbs</b>.co.kr/y/t/?id=10000000121 #<b>SBS</b>뉴스 #뉴스영상 #총리 #한덕수 #최상목 #복귀 ▷<b>SBS</b> 뉴스 채널 구독하기 : https://n.<b>sbs</b>.co.kr/youtube ♨지금&nbsp;...,Google 알리미 - sbs,https://www.google.com/alerts/feeds/04099981309852891625/6712470744904995113
"March 24, 2025 at 07:03PM",중동 다시 확전…이스라엘군 지상군 작전 확대 / SBS / #D리포트 - YouTube,https://www.youtube.com/watch?v=JqU44SVUWfI,... <b>sbs</b>.co.kr/y/?id=N1008033533 ☞[이스라엘-팔레스타인 전쟁] 기사 모아보기 https://news.<b>sbs</b>.co.kr/y/i/?id=10000057272 ☞[D리포트] 기사 모아보기&nbsp;...,Google 알리미 - sbs,https://www.google.com/alerts/feeds/04099981309852891625/6712470744904995113
"March 24, 2025 at 03:07PM","[현장영상] 한덕수 복귀하자 최상목 활짝 웃으며 ""드디어"" - SBS 뉴스",https://news.sbs.co.kr/news/endPage.do?news_id=N1008033065,"최상목 권한대행의 반응, 바로이뉴스에 담았습니다. (구성 : 조지현, 영상편집 : 이승희, 제작: 디지털뉴스편집부). Copyright C <b>SBS</b>. All rights reserved.",Google 알리미 - sbs,https://www.google.com/alerts/feeds/04099981309852891625/6712470744904995113
"March 24, 2025 at 03:20PM","술 취한 거 아닌데 10km를 역주행한 차량, ""실형 가능성 높은 범죄 행위"" (현장영상) / SBS",https://www.youtube.com/watch?v=puX4qBCgZEA,... <b>sbs</b>.co.kr 문자 # 누르고 6000 전화: 02-2113-6000 홈페이지: https://news.<b>sbs</b>.co.kr/ 페이스북: https://www.facebook.com/sbs8news X(구:트위터): https:,Google 알리미 - sbs,https://www.google.com/alerts/feeds/04099981309852891625/6712470744904995113
"March 24, 2025 at 05:19PM","""한국은 1억 개 보내"" 미국 요구…""국내 가격도 심상치 않은데"" 난색 (자막뉴스) / SBS",https://www.youtube.com/watch?v=zvwHSJE1PyE,... <b>sbs</b>.co.kr/y/t/?id=10000000121 #<b>SBS</b>뉴스 #뉴스영상 #미국 #달걀 #수출 #관세전쟁 #조류인플루엔자 ▷<b>SBS</b> 뉴스 채널 구독하기 : https://n.<b>sbs</b>.co.kr&nbsp;...,Google 알리미 - sbs,https://www.google.com/alerts/feeds/04099981309852891625/6712470744904995113
"March 24, 2025 at 05:34PM",직장인만 서럽겠네'…지역가입자 건보료만 '뚝' - SBS Biz,https://biz.sbs.co.kr/article/20000224295,건강보험 지역가입자가 떠안은 보험료 부담 수준이 당국의 잇단 보험료 부담 완화 조치로 최근 5년 새 최저 수준으로 떨어진 것으로 나타났습니다.,Google 알리미 - sbs,https://www.google.com/alerts/feeds/04099981309852891625/6712470744904995113
"March 24, 2025 at 08:23PM","""한덕수 재탄핵"" 목소리까지…'마은혁 임명 언제?"" 묻자 / SBS 특집 8뉴스 - YouTube",https://www.youtube.com/watch?v=xLRv17u49-Q,... <b>SBS</b>에 &quot;한 대행이 두 재판관 임명을 문제 삼지 않을 걸로 안다&quot;고 공통 ... <b>sbs</b>.co.kr/y/?id=N1008033638 #<b>SBS</b>뉴스 #8뉴스 #대통령 #한덕수 #탄핵&nbsp;...,Google 알리미 - sbs,https://www.google.com/alerts/feeds/04099981309852891625/6712470744904995113
"March 24, 2025 at 08:55PM",[현장] 꺼질 기미가 보이지 않는다…오히려 번지고 있는 산불 상황 / SBS 특집 8뉴스 - YouTube,https://www.youtube.com/watch?v=3t0XNgC1kZg,"... <b>sbs</b>.co.kr/y/?id=N1008033648 #<b>SBS</b>뉴스 #8뉴스 #의성 #산불 #의성산불 ▷<b>SBS</b> 뉴스 채널 구독하기 : https://n.<b>sbs</b>.co.kr/youtube ♨지금 뜨거운 이슈, 함께&nbsp;...",Google 알리미 - sbs,https://www.google.com/alerts/feeds/04099981309852891625/6712470744904995113
"March 24, 2025 at 09:22PM","의대생들에 날아간 '제적 통보서'…""두려워 복귀"" VS ""설마 하겠어?"" / SBS 특집 8뉴스",https://www.youtube.com/watch?v=ZFzuB2otxIE,... <b>sbs</b>.co.kr/y/i/?id=10000057872 #<b>SBS</b>뉴스 #8뉴스 #의대증원 #의대생 #의대복학 ▷<b>SBS</b> 뉴스 채널 구독하기 : https://n.<b>sbs</b>.co.kr/youtube ♨지금 뜨거운&nbsp;...,Google 알리미 - sbs,https://www.google.com/alerts/feeds/04099981309852891625/6712470744904995113
"March 24, 2025 at 09:37PM","나홀로 인용, 2명은 '각하'…헌법재판관들의 판단 이유는 / SBS 특집 8뉴스 - YouTube",https://www.youtube.com/watch?v=8u409lkxPeM,... <b>sbs</b>.co.kr/y/?id=N1008033634 #<b>SBS</b>뉴스 #8뉴스 #대통령 #한덕수 #탄핵기각 #헌법재판관 ▷<b>SBS</b> 뉴스 채널 구독하기 : https://n.<b>sbs</b>.co.kr/youtube ♨지금&nbsp;...,Google 알리미 - sbs,https://www.google.com/alerts/feeds/04099981309852891625/6712470744904995113
"March 24, 2025 at 08:51PM","장나라 ""남편, SBS 연기대상 받은 날 데리러 와…차에서 오열"" - 네이트 뉴스",https://news.nate.com/view/20250324n38404,한편 장나라는 정하철 촬영감독과 2년 열애 끝에 지난 2022년 결혼식을 올렸다. 두 사람은 지난 2019년 방송된 <b>SBS</b> 드라마 &#39;VIP에서 주연 배우와 촬영감독으로&nbsp;...,Google 알리미 - sbs,https://www.google.com/alerts/feeds/04099981309852891625/6712470744904995113
"March 24, 2025 at 09:44PM","윤 대통령 탄핵 심판 '힌트'? ""예측 불가"" 단서는 없었다 / SBS 특집 8뉴스 - YouTube",https://www.youtube.com/watch?v=eGDhQ1iw8OI,... <b>sbs</b>.co.kr/y/i/?id=10000058872 #<b>SBS</b>뉴스 #8뉴스 #윤대통령탄핵심판 #윤대통령 #한덕수 #탄핵심판 ▷<b>SBS</b> 뉴스 채널 구독하기 : https://n.<b>sbs</b>.co.kr&nbsp;...,Google 알리미 - sbs,https://www.google.com/alerts/feeds/04099981309852891625/6712470744904995113
"March 24, 2025 at 10:23PM",의원 때리면 5년 국민 때리면 2년?....'사람 차별하냐' 묻자 '발끈'한 장경태 민주당 의원 (자막뉴스) / SBS,https://www.youtube.com/watch?v=666ia09CpcI,"... <b>sbs</b>.co.kr/y/t/?id=10000000121 #<b>SBS</b>뉴스 #뉴스영상 #회의 ▷<b>SBS</b> 뉴스 채널 구독하기 : https://n.<b>sbs</b>.co.kr/youtube ♨지금 뜨거운 이슈, 함께 토론하기&nbsp;...",Google 알리미 - sbs,https://www.google.com/alerts/feeds/04099981309852891625/6712470744904995113
"March 24, 2025 at 10:28PM",[날씨] 강원 산지·동해안 등 강풍…내일도 미세먼지 나쁨 / SBS - YouTube,https://www.youtube.com/watch?v=y3GebLafVeA,... <b>sbs</b>.co.kr/y/?id=N1008033423 ☞[오늘의 날씨] 기사 모아보기 https://news.<b>sbs</b>.co.kr/y/t/?id=10000000357 #<b>SBS</b>뉴스 #오늘의날씨 #날씨 ▷<b>SBS</b> 뉴스 채널&nbsp;...,Google 알리미 - sbs,https://www.google.com/alerts/feeds/04099981309852891625/6712470744904995113
"March 25, 2025 at 12:01AM","골목길에서 잡힌 재수생…""왜 그랬어요?"" 묻자 / SBS / 오클릭 - YouTube",https://www.youtube.com/watch?v=pjjsChY9c8E,"://news.<b>sbs</b>.co.kr/y/t/?id=10000000168 #<b>SBS</b>뉴스 #오클릭 #차량 ▷<b>SBS</b> 뉴스 채널 구독하기 : https://n.<b>sbs</b>.co.kr/youtube ♨지금 뜨거운 이슈, 함께 토론&nbsp;...",Google 알리미 - sbs,https://www.google.com/alerts/feeds/04099981309852891625/6712470744904995113
"March 25, 2025 at 12:28AM","8명 중 유일한 '인용' 정계선 ""한덕수, 모순적 국정 운영"" / SBS 특집 8뉴스 - YouTube",https://www.youtube.com/watch?v=xHWoXbbc9rk,... <b>sbs</b>.co.kr/y/?id=N1008033632 #<b>SBS</b>뉴스 #8뉴스 #총리 #한덕수 #정계선 #탄핵기각 ▷<b>SBS</b> 뉴스 채널 구독하기 : https://n.<b>sbs</b>.co.kr/youtube ♨지금 뜨거운&nbsp;...,Google 알리미 - sbs,https://www.google.com/alerts/feeds/04099981309852891625/6712470744904995113
"March 25, 2025 at 12:30AM","""너무 똑같아서"" 눈물이 왈칵…AI로 생생히 그려내는 감동 / SBS / 모아보는 뉴스 - YouTube",https://www.youtube.com/watch?v=-0hlIWaPvsk,... <b>SBS</b> 뉴스로 제보해주세요 홈페이지: https://news.<b>sbs</b>.co.kr 애플리케이션: &#39;<b>SBS</b> 뉴스&#39; 앱 설치하고 제보 카카오톡: &#39;<b>SBS</b> 뉴스&#39;와 친구 맺고 채팅 페이스북: &#39;&nbsp;...,Google 알리미 - sbs,https://www.google.com/alerts/feeds/04099981309852891625/6712470744904995113
"March 25, 2025 at 12:49AM","활짝 웃은 최상목 ""아, 드디어!""…돌아온 한덕수 ""이제 좌우는 없다"" / SBS 특집 8뉴스 - YouTube",https://www.youtube.com/watch?v=4R8NlJ58OtM,... <b>sbs</b>.co.kr/y/?id=N1008033637 #<b>SBS</b>뉴스 #8뉴스 #대통령 #한덕수 #최상목 #탄핵기각 ▷<b>SBS</b> 뉴스 채널 구독하기 : https://n.<b>sbs</b>.co.kr/youtube ♨지금 뜨거운&nbsp;...,Google 알리미 - sbs,https://www.google.com/alerts/feeds/04099981309852891625/6712470744904995113
"March 25, 2025 at 12:58AM",카페·편의점서 '삑'…'디지털 화폐' 실험 돌입 / SBS 특집 8뉴스 - YouTube,https://www.youtube.com/watch?v=wEO8gqfBJX4,... <b>sbs</b>.co.kr/y/?id=N1008033665 #<b>SBS</b>뉴스 #8뉴스 #실험 #디지털화폐 #코인 #개인정보 ▷<b>SBS</b> 뉴스 채널 구독하기 : https://n.<b>sbs</b>.co.kr/youtube ♨지금 뜨거운&nbsp;...,Google 알리미 - sbs,https://www.google.com/alerts/feeds/04099981309852891625/6712470744904995113
"March 25, 2025 at 01:07AM","""이런 나라에서 배지가 무슨 의미야!"" 이언주 '총사퇴' 발언에...국민의힘 줄줄이 ""지지합니다 ...",https://www.youtube.com/watch?v=PKuP7WnTI7s,... <b>sbs</b>.co.kr/live ▷<b>SBS</b> 뉴스 제보하기 홈페이지: https://n.<b>sbs</b>.co.kr/inform 애플리케이션: &#39;<b>SBS</b>뉴스&#39; 앱 설치하고 제보 - https ... <b>SBS</b>뉴스&#39; 메시지 전송&nbsp;...,Google 알리미 - sbs,https://www.google.com/alerts/feeds/04099981309852891625/6712470744904995113
"March 25, 2025 at 01:20AM","산불로 난리 난 상황인데…""그럼 집에 가냐?"" 골프 샷 / SBS / 오클릭 - YouTube",https://www.youtube.com/watch?v=JL1BnE32NRs,... <b>sbs</b>.co.kr/y/?id=N1008033351 ☞[오!클릭] 기사 모아보기 https://news.<b>sbs</b>.co.kr/y/t/?id=10000000168 #<b>SBS</b>뉴스 #오클릭 #산불 ▷<b>SBS</b> 뉴스 채널 구독하기&nbsp;...,Google 알리미 - sbs,https://www.google.com/alerts/feeds/04099981309852891625/6712470744904995113
"March 24, 2025 at 08:50PM","장나라 ""남편, SBS 연기대상 받은 날 데리러 와…차에서 오열"" - 뉴스1",https://www.news1.kr/entertain/broadcast-tv/5729620,"장나라 &quot;남편, <b>SBS</b> 연기대상 받은 날 데리러 와…차에서 오열&quot;. 박하나 기자. 2025.03.24 오후 08:36. 가. &#39;절친 토큐멘터리 4인용식탁&#39; 24일 방송.",Google 알리미 - sbs,https://www.google.com/alerts/feeds/04099981309852891625/6712470744904995113
"March 24, 2025 at 09:16PM",[TV] SBS 오디션 프로젝트 `우리들의 발라드` - 매일신문,https://www.imaeil.com/page/view/2025031717540056933,"&#39;우리들의 발라드&#39;는 악뮤, 정승환, 비비, 카더가든 등을 발굴한 &#39;K팝스타&#39;, &#39;더 팬&#39; 등 국내 정통 오디션의 명가 <b>SBS</b>에서 선보이는 새로운 음악 오디션으로,&nbsp;...",Google 알리미 - sbs,https://www.google.com/alerts/feeds/04099981309852891625/6712470744904995113
"March 24, 2025 at 10:25PM","메가MGC커피, '2025 SBS 메가 콘서트' 2차 티켓 이벤트 - 시장경제",https://www.meconomynews.com/news/articleView.html?idxno=109941,메가MGC커피가 오는 4월 9일까지 공식 애플리케이션(앱)에서 &#39;2025 <b>SBS</b> 메가 콘서트&#39;(메가콘) 2차 티켓 이벤트를 진행한다.지난달 메가MGC커피는 2025 <b>SBS</b>&nbsp;...,Google 알리미 - sbs,https://www.google.com/alerts/feeds/04099981309852891625/6712470744904995113
"March 25, 2025 at 02:56AM",국내외 망신 '어쩌다 이런 일이''…한국어능력시험 먹통 - SBS Biz,https://biz.sbs.co.kr/article/20000224458,"Copyright C <b>SBS</b> Medianet &amp; SBSi. All rights reserved. 무단 전재, 재배포 및 AI학습 이용 금지. 기자 송태희. bigsmilesong@<b>sbs</b>.co.kr. 카카오톡 URL. 함께&nbsp;...",Google 알리미 - sbs,https://www.google.com/alerts/feeds/04099981309852891625/6712470744904995113
"March 25, 2025 at 03:15AM",산불 키운 고온·건조·강풍…하루하루 더 심해진다 / SBS 특집 8뉴스 - YouTube,https://www.youtube.com/watch?v=CQLgbO8vTMs,... <b>sbs</b>.co.kr/y/?id=N1008033661 #<b>SBS</b>뉴스 #8뉴스 #바람 #산불 #건조 #강풍 ▷<b>SBS</b> 뉴스 채널 구독하기 : https://n.<b>sbs</b>.co.kr/youtube ♨지금 뜨거운 이슈&nbsp;...,Google 알리미 - sbs,https://www.google.com/alerts/feeds/04099981309852891625/6712470744904995113
"March 25, 2025 at 03:25AM",한덕수 탄핵안 기각…'비상계엄 선포 공모' 인정 안 돼 / SBS 특집 8뉴스 - YouTube,https://www.youtube.com/watch?v=Ne2mF9_6T2g,... <b>sbs</b>.co.kr/y/?id=N1008033631 #<b>SBS</b>뉴스 #8뉴스 #재판관 #한덕수 #탄핵기각 #헌법재판소 ▷<b>SBS</b> 뉴스 채널 구독하기 : https://n.<b>sbs</b>.co.kr/youtube ♨지금&nbsp;...,Google 알리미 - sbs,https://www.google.com/alerts/feeds/04099981309852891625/6712470744904995113
"March 25, 2025 at 06:06AM","""자기 순번도 아닌데.."" 눈물…당직 바꿔주고 갔다가 참변 / SBS 특집 8뉴스 - YouTube",https://www.youtube.com/watch?v=Q3xBoAJvO4A,... <b>sbs</b>.co.kr/y/i/?id=10000056672 #<b>SBS</b>뉴스 #8뉴스 #TV네트워크 #산불 #합동분향소#산청 ▷<b>SBS</b> 뉴스 채널 구독하기 : https://n.<b>sbs</b>.co.kr/youtube ♨지금&nbsp;...,Google 알리미 - sbs,https://www.google.com/alerts/feeds/04099981309852891625/6712470744904995113
"March 25, 2025 at 06:21AM",[모닝와이드] 오늘의 주요뉴스 / SBS - YouTube,https://www.youtube.com/watch?v=XaGSwHuP9PA,... <b>sbs</b>.co.kr/y/?id=N1008033912 #<b>SBS</b>뉴스 #모닝와이드 #의성 #산불 #안동 #현대 #현대차 #한덕수 #기각 ▷<b>SBS</b> 뉴스 채널 구독하기 : https://n.<b>sbs</b>.co.kr&nbsp;...,Google 알리미 - sbs,https://www.google.com/alerts/feeds/04099981309852891625/6712470744904995113
"March 25, 2025 at 06:29AM",울주군 산불 나흘째…오늘(25일) 오전 진화 '총력전' / SBS - YouTube,https://www.youtube.com/watch?v=0RyZ866aysA,... <b>sbs</b>.co.kr/y/?id=N1008033889 #<b>SBS</b>뉴스 #모닝와이드 #바람 #강풍 #산불 #진화 #화재 #대형화재 #의성 ▷<b>SBS</b> 뉴스 채널 구독하기 : https://n.<b>sbs</b>.co.kr&nbsp;...,Google 알리미 - sbs,https://www.google.com/alerts/feeds/04099981309852891625/6712470744904995113
"March 25, 2025 at 06:34AM",한덕수 탄핵소추 기각…기각 5 · 인용 1 · 각하 2 / SBS - YouTube,https://www.youtube.com/watch?v=se54nxn_oyU,... <b>sbs</b>.co.kr/y/?id=N1008033891 #<b>SBS</b>뉴스 #모닝와이드 #기각 #한덕수 #헌법재판소 #탄핵소추 ▷<b>SBS</b> 뉴스 채널 구독하기 : https://n.<b>sbs</b>.co.kr/youtube ♨지금&nbsp;...,Google 알리미 - sbs,https://www.google.com/alerts/feeds/04099981309852891625/6712470744904995113
"March 25, 2025 at 06:34AM",강풍 타고 안동까지 번져…국가동원령 추가 발령 / SBS - YouTube,https://www.youtube.com/watch?v=neClyNXNcEY,... <b>sbs</b>.co.kr/y/?id=N1008033887 #<b>SBS</b>뉴스 #모닝와이드 #산불 #대형화재 #화재 #안동 #의성 ▷<b>SBS</b> 뉴스 채널 구독하기 : https://n.<b>sbs</b>.co.kr/youtube ♨지금&nbsp;...,Google 알리미 - sbs,https://www.google.com/alerts/feeds/04099981309852891625/6712470744904995113
"March 25, 2025 at 06:35AM","진화율 85%, 오늘이 최대 고비…이 시각 산청 / SBS - YouTube",https://www.youtube.com/watch?v=R19ULww3k1s,... <b>sbs</b>.co.kr/y/?id=N1008033888 #<b>SBS</b>뉴스 #모닝와이드 #진화율 #화재 #산불 #산청 #의성 ▷<b>SBS</b> 뉴스 채널 구독하기 : https://n.<b>sbs</b>.co.kr/youtube ♨지금&nbsp;...,Google 알리미 - sbs,https://www.google.com/alerts/feeds/04099981309852891625/6712470744904995113
"March 25, 2025 at 06:35AM",비상계엄 적법성 · 내란죄 철회' 판단 없었다 / SBS - YouTube,https://www.youtube.com/watch?v=jvGNIB1jPuw,... <b>sbs</b>.co.kr/y/i/?id=10000058872 #<b>SBS</b>뉴스 #모닝와이드 #기각 #한덕수 #헌법재판소 #탄핵소추 #비상계엄 ▷<b>SBS</b> 뉴스 채널 구독하기 : https://n.<b>sbs</b>.co.kr&nbsp;...,Google 알리미 - sbs,https://www.google.com/alerts/feeds/04099981309852891625/6712470744904995113
"March 25, 2025 at 06:41AM",땅 속으로 빨려 들어가듯…'땅 꺼짐' 1명 실종 / SBS - YouTube,https://www.youtube.com/watch?v=NbN82Jwbnp8,... <b>sbs</b>.co.kr/y/?id=N1008033890 #<b>SBS</b>뉴스 #모닝와이드 #강동구 #땅꺼짐 #싱크홀 #실종 ▷<b>SBS</b> 뉴스 채널 구독하기 : https://n.<b>sbs</b>.co.kr/youtube ♨지금&nbsp;...,Google 알리미 - sbs,https://www.google.com/alerts/feeds/04099981309852891625/6712470744904995113
"March 25, 2025 at 06:44AM",87일 만에 직무 복귀…트럼프와 통화 추진 / SBS - YouTube,https://www.youtube.com/watch?v=02QyCfVHgI8,... <b>sbs</b>.co.kr/y/?id=N1008033893 #<b>SBS</b>뉴스 #모닝와이드 #기각 #한덕수 #헌법재판소 #탄핵소추 #총리 #직무복귀 ▷<b>SBS</b> 뉴스 채널 구독하기 : https://n.<b>sbs</b>&nbsp;...,Google 알리미 - sbs,https://www.google.com/alerts/feeds/04099981309852891625/6712470744904995113
"March 25, 2025 at 06:46AM",관세 '예외 시사'에 반색…미국 증시 일제 상승 / SBS - YouTube,https://www.youtube.com/watch?v=8wQ6NCxPQkg,... <b>sbs</b>.co.kr/y/i/?id=10000059073 #<b>SBS</b>뉴스 #모닝와이드 #트럼프 #관세 #상호관세 #미국 #증시 ▷<b>SBS</b> 뉴스 채널 구독하기 : https://n.<b>sbs</b>.co.kr/youtube&nbsp;...,Google 알리미 - sbs,https://www.google.com/alerts/feeds/04099981309852891625/6712470744904995113
"March 25, 2025 at 06:51AM",[날씨] 전국 초미세먼지…충청 이남 산불 위기경보 심각 / SBS - YouTube,https://www.youtube.com/watch?v=mC5vQWXReVE,"... <b>sbs</b>.co.kr ▷<b>SBS</b> 뉴스 라이브 : https://n.<b>sbs</b>.co.kr/youtubeLive , https://n.<b>sbs</b>.co.kr/live ▷<b>SBS</b> 뉴스 제보하기 홈페이지: https://n.<b>sbs</b>.co.kr/inform&nbsp;...",Google 알리미 - sbs,https://www.google.com/alerts/feeds/04099981309852891625/6712470744904995113
"March 25, 2025 at 07:23AM",진화율 88%' 오늘이 최대 고비…이 시각 산청 / SBS - YouTube,https://www.youtube.com/watch?v=Wp2YOmdgLb8,... <b>sbs</b>.co.kr/y/i/?id=10000058372 #<b>SBS</b>뉴스 #화재 #산불 #대형화재 #산청 #경남 #의성 #진화 ▷<b>SBS</b> 뉴스 채널 구독하기 : https://n.<b>sbs</b>.co.kr/youtube&nbsp;...,Google 알리미 - sbs,https://www.google.com/alerts/feeds/04099981309852891625/6712470744904995113
"March 25, 2025 at 07:23AM","연세대 의대 45% '제적 예정'…""구제책은 없다"" / SBS - YouTube",https://www.youtube.com/watch?v=QjBVUZ2hpvA,... <b>sbs</b>.co.kr/y/?id=N1008033929 ☞[의대 증원] 기사 모아보기 https://news.<b>sbs</b>.co.kr/y/i/?id=10000057872 #<b>SBS</b>뉴스 #실시간 #의대 #연세대 #증원 #제적 ▷<b>SBS</b>&nbsp;...,Google 알리미 - sbs,https://www.google.com/alerts/feeds/04099981309852891625/6712470744904995113
"March 25, 2025 at 07:31AM",울주군 산불 나흘째…오전 진화에 '총력' / SBS - YouTube,https://www.youtube.com/watch?v=W9vHZppDuVQ,... <b>sbs</b>.co.kr/y/i/?id=10000058372 #<b>SBS</b>뉴스 #울산 #울주 #산불 #화재 #대형화재 #진화 ▷<b>SBS</b> 뉴스 채널 구독하기 : https://n.<b>sbs</b>.co.kr/youtube ♨지금&nbsp;...,Google 알리미 - sbs,https://www.google.com/alerts/feeds/04099981309852891625/6712470744904995113
"March 25, 2025 at 07:46AM",휴전 회담 중에도 서로 공습…민간인 피해 속출 / SBS - YouTube,https://www.youtube.com/watch?v=biSmsQXLtTc,... <b>sbs</b>.co.kr/y/i/?id=10000053472 #<b>SBS</b>뉴스 #러시아 #우크라이나 #공습 #휴전 #회담 ▷<b>SBS</b> 뉴스 채널 구독하기 : https://n.<b>sbs</b>.co.kr/youtube ♨지금&nbsp;...,Google 알리미 - sbs,https://www.google.com/alerts/feeds/04099981309852891625/6712470744904995113
"March 25, 2025 at 07:52AM",카페·편의점서 '삑'…'디지털 화폐' 실험 착수 / SBS - YouTube,https://www.youtube.com/watch?v=mL1SuSI7nWY,... <b>sbs</b>.co.kr/y/?id=N1008034001 #<b>SBS</b>뉴스 #실시간 #디지털화폐 #한국은행 #QR #모바일페이 ▷<b>SBS</b> 뉴스 채널 구독하기 : https://n.<b>sbs</b>.co.kr/youtube ♨지금&nbsp;...,Google 알리미 - sbs,https://www.google.com/alerts/feeds/04099981309852891625/6712470744904995113
